{
  "properties": {
    "connectionReferences": {
      "shared_commondataserviceforapps": {
        "runtimeSource": "embedded",
        "connection": {
          "connectionReferenceLogicalName": "new_sharedcommondataserviceforapps_bfeec"
        },
        "api": {
          "name": "shared_commondataserviceforapps"
        }
      }
    },
    "definition": {
      "$schema": "https://schema.management.azure.com/providers/Microsoft.Logic/schemas/2016-06-01/workflowdefinition.json#",
      "contentVersion": "1.0.0.0",
      "parameters": {
        "$connections": {
          "defaultValue": {},
          "type": "Object"
        },
        "$authentication": {
          "defaultValue": {},
          "type": "SecureObject"
        }
      },
      "triggers": {
        "manual": {
          "metadata": {
            "operationMetadataId": "d7a2bf12-29e3-4130-81bd-16984914daaa"
          },
          "type": "Request",
          "kind": "VirtualAgent",
          "inputs": {
            "schema": {
              "type": "object",
              "properties": {
                "text": {
                  "title": "Correct answers",
                  "type": "string",
                  "x-ms-dynamically-added": true,
                  "description": "Please enter your input",
                  "x-ms-content-hint": "TEXT"
                }
              },
              "required": [
                "text"
              ]
            }
          }
        }
      },
      "actions": {
        "Return_value(s)_to_Power_Virtual_Agents": {
          "runAfter": {
            "Compose": [
              "Succeeded"
            ]
          },
          "metadata": {
            "operationMetadataId": "8a590e0e-a955-4a0e-9d69-c76b359c90d7"
          },
          "type": "Response",
          "kind": "VirtualAgent",
          "inputs": {
            "statusCode": 200,
            "body": {
              "generated_text": "@{outputs('Compose')}"
            },
            "schema": {
              "type": "object",
              "properties": {
                "generated_text": {
                  "title": "Generated text",
                  "x-ms-dynamically-added": true,
                  "type": "string"
                }
              }
            }
          }
        },
        "Create_text_with_GPT": {
          "runAfter": {},
          "metadata": {
            "operationMetadataId": "523dfc79-3100-4bb7-9e5f-4743bfc098b1"
          },
          "type": "OpenApiConnection",
          "inputs": {
            "host": {
              "connectionName": "shared_commondataserviceforapps",
              "operationId": "aibuilderpredict_gptpromptengineering",
              "apiId": "/providers/Microsoft.PowerApps/apis/shared_commondataserviceforapps"
            },
            "parameters": {
              "item/requestv2/prompt": "Create a customer's query based on the following criteria:\n1. How many days it will take for my ITIL 4 Foundation exam results to be released?\n2. How will I be notified?\n3. Is a hard copy certificate included?"
            },
            "authentication": "@parameters('$authentication')"
          }
        },
        "Compose": {
          "runAfter": {
            "Create_text_with_GPT": [
              "Succeeded"
            ]
          },
          "metadata": {
            "operationMetadataId": "09de6378-8aa8-4e92-96ff-23ded7f7d19e"
          },
          "type": "Compose",
          "inputs": "@outputs('Create_text_with_GPT')?['body/responsev2/predictionOutput/text']"
        }
      },
      "outputs": {}
    },
    "templateName": "c9cd2c4e691a4646adc8aa592c88489b"
  },
  "schemaVersion": "1.0.0.0"
}