<botcomponent_workflowset>
  <botcomponent_workflow botcomponentid.schemaname="crd69_testForTrainingChatbot.topic.Untitled" workflowid.workflowid="9678bc36-e35a-ee11-be6f-00224827bd9c">
    <iscustomizable>1</iscustomizable>
  </botcomponent_workflow>
  <botcomponent_workflow botcomponentid.schemaname="crd69_testForTrainingChatbot.topic.Untitled" workflowid.workflowid="c2c1a936-e05a-ee11-be6f-0022482a4392">
    <iscustomizable>1</iscustomizable>
  </botcomponent_workflow>
  <botcomponent_workflow botcomponentid.schemaname="crd69_testForTrainingChatbot.topic.Untitled_Gs1" workflowid.workflowid="9678bc36-e35a-ee11-be6f-00224827bd9c">
    <iscustomizable>1</iscustomizable>
  </botcomponent_workflow>
</botcomponent_workflowset>